{"file_hashes":[{"block_hashes":["eg3QdiZuZVI+hh3rN1htCFFC3p+HpjL6cCBvYDqOjWo="],"block_size":4096,"path":"_locales/be/messages.json"},{"block_hashes":["lWwc7/KvJ4+GzXKoDeuwuHfJJIF8Dvvh25UovUgVTPc="],"block_size":4096,"path":"_locales/tl/messages.json"},{"block_hashes":["158+EoqBep9tEqHTwRwSnPIqSl5FteX28vuL4DIQpXw="],"block_size":4096,"path":"assets/avatar-placeholder.png"},{"block_hashes":["cp108mkG4IyRXqPIP6/gDF5iy90PZZJVpwKdLz59mPQ="],"block_size":4096,"path":"assets/checkbox.svg"},{"block_hashes":["qyuVqAoC+0BjP6XQ/ls4fucI85pxbOvEQl2o5aDUTf4="],"block_size":4096,"path":"assets/close.svg"},{"block_hashes":["rs/NQ2nOW+DF4/42H6ZS4uwDJ6eJl83dxIVhwcNra9w="],"block_size":4096,"path":"assets/cover-placeholder.png"},{"block_hashes":["XBVA5g0uA0MEN6F85FS40meLNp4kWw8qqNNlbWiEVkg="],"block_size":4096,"path":"assets/go-to-twitch-arrow.svg"},{"block_hashes":["4FX1R+qEFj6k420reDb61ymckI0XDtcxRdRyzHEd7QE="],"block_size":4096,"path":"assets/go-to-twitch-logo.svg"},{"block_hashes":["sUDVYf6w5rzJSG4El69skMUVT4XTsoWuSwNMMSO3q8k="],"block_size":4096,"path":"assets/list-view.svg"},{"block_hashes":["xXvz4gNrf2dKKstfhrsR8osK8/Qb+3Lu6Ot4HHQvK+U="],"block_size":4096,"path":"assets/live.svg"},{"block_hashes":["VCdIp7RTrKdAKJy3F4593kQ3PyhxThow0j3JmAre8jY="],"block_size":4096,"path":"assets/no-avatar.png"},{"block_hashes":["v3EdkQtGSlczxga34D8NVVu31AZ+geGP14SZXGh8iRc=","60VuNaTDAkakAJjZH4PDdjIs8e5cHTRYoNh1s4fO/XI=","2XQUzWEy5GJzXA0jv9Yl79Lp713IMFuy3ELKLsqLgew=","VBCgN557FIhF37Ez/c0dzdpN/jqRjmCI6GHIjQGK8mQ=","GMOhmNTT9SFil+QjU90xCVw1d+N9ZRPYxyKGhAMESAY="],"block_size":4096,"path":"assets/notification.mp3"},{"block_hashes":["p8YPRXPPpgCdheS9UTeo6ZIAHwzh9c+q1c4a8q0+E9M="],"block_size":4096,"path":"assets/search.svg"},{"block_hashes":["l7LgPLdEcqGq2+KMGj3NTqNekwounkJjtGzC3TP0Uus="],"block_size":4096,"path":"assets/settings.svg"},{"block_hashes":["s1FoF7wqVkCZZzfRW2Pm600YK+kEAN3jnuJl8NXF/QI="],"block_size":4096,"path":"assets/tile-view.svg"},{"block_hashes":["KKEShIl4Yk5kF0zDnRHxDAiSpnb38I1eYcV42IgR33Q=","/7SmLfOTUZD/YNlqREBd/3s2XW/SLPsTJGClIvhbjco=","iu9bP1CZflwzrMO44jL6c+2l2aTXds4ZcX70IHn75KA=","e6OfiQ4HH8TyXxxwp+PDAj+xOQHFhfFYksEQ6lro0MQ=","4oHaYpXiOFG4GPVc6hZDegIJDswNxnq5+rJ5DzTY4pQ=","uK4RjeA4EAkzNqxR7sdNHx1rFEzo5ucgK2CJ5vgQ8pA=","PU8Axc16eE2u52iK0GAAFCObBSciYr95SzHO7a24F4k=","jKudd0PV2KhdZ5gSaURUe5hE/IVHW4j1940A81ySYz8=","nN0g2nSPADcyCAWBK5zx0v4dUZK8GZCmWhe3UKgv4w4=","wTmKGEoT2M3uHctdMq91w/dOBRpZdFMNqzy85YpVUbs=","ELsT3kMyaRhEDAMkMmYI77kbMaQP8qbrcGqKXEGCCJs=","vxzCGmbc+EG5XCKi1Rv+OTQFLfsSPR4DdlLEgUOtELE=","DaFzjqoXNzwDmNxS0VANBe8DBErnpBIw6kZ+W456EwI=","qlxBRloYQcNL69/WCgjJVrzYXJmwWBP8PTFmoG9fK04=","RGGAS4rRgh8L1onwN7pu+PxhjcyXo5w61pUryUdwsaA=","yRWsAxHjd1qOdzDFfcSejC1aVv9l2ic0jSeSI8ywkgw="],"block_size":4096,"path":"assets/twitch-placeholder@x1.png"},{"block_hashes":["FJXfOhwGhvT9GdAR07eNFVH0jQxV9yy44keAS+ZjfF0=","zfFqpjetAdSFcCkHksmelbA4QeEKbYxMkg9WfnAaliA=","vxTVrmzsH0bnHbEfq3EMG629IIsnXHyyPqCP2vTvlNA=","nFlethqZEFeoCguNomxR/6QOm6ZBsorqWQjZS703BiU=","tFXwdu7kWMVlRMINPKdeof6slT4RZUOTtujqyn4VxI4=","yg7fVF0ZJUE9kuTqe7Mg+IcbXDhJ6BEdgpuEke8hrz4=","dqpNAHw19SGGRnnkfy9V4kMYPgUK4ohk83liKRFo2WM=","uFWDBIeNDIZeDTCsWRr8ML2skFqE1HDLjA92E4Qcne0=","QoEoVcMO+AfJ9FbrU6XuQuTz/c2UxeOfahBNUXFmStU=","+xGYZZIzVgrRjedAnVy7FmHVid7/XoU8l2Yw2Nj+QDY=","QUG9GcfR6cZ2U0jPRcKJINgAJlICSwtb67RZhYHnt4U=","FhKiQ2YkT+MJrzy3pMvEukeh9DkAzIshsdOd+zXiRak=","0xaBHmb5ipmXdcEOaCBefCjyGhLpRfyhjUOZ9t0chtc=","NzfpDQcEwALCuivP6cvdOTBk5T8ZiANcf1h8KZMImiw=","eI4MInlEb88ffscRthdDKbTflXA1aO+I9sgHzXtHovQ=","RayM5Tmm4xuz5wf+7lMcU+oD1K4j3BJ8QR59pyym5bk=","zVmhZhv+ex8FYQhz2sZoBx0zKoMrRLLGGCWVdhXk//I=","bpk19hHeVV7LUo5djyFD0+DsG8HP/vNeCzlfoE+sJHc=","pd58ebw6PnEYSAx9KXDbWxAQPtdMT+b8Kitcx+fthKY=","IhPi/mh0+GPETrUBG7mY4b9ktcnNuEASlA6ajnfG+jQ=","/tC/RvMGlDD0Z+q189b5aapVDAxv3ceQOdb8Nz8eXM4=","xgdM8ycO4B9PRhihFW6bKW6ovOjuNbvU7B3Nziio6X8=","lDQde2ugBBID3j6eW6rHcQ9/C6jlMgCCt094c1E9rMA=","woZ0RfaCsl671qh3/pudS987MrY2kxjkBwsnCRM1Nq8=","jG4JAWLy6EiU97POm7AgREI27CWf0wsn8K1kwiC+iAw=","Rma/l7SlGSjY+rhscvB9IQoAnWHpkNMDhL50G81yXhg=","NgYdnMIRNBITWeuom/64nThCjBjZzxFASGcqIPCl5FM=","Bd3piT4Jkmo3pncq4bsZ1xpAthux87k/94EJ6IyBKLI="],"block_size":4096,"path":"assets/twitch-placeholder@x2.png"},{"block_hashes":["SQP58c1FxWaTXuZ3oIWC/CatjKmc2lR+Vf8MbxHK2m4="],"block_size":4096,"path":"background.html"},{"block_hashes":["E02fq4Np3INlk+Bt9dohBd9DXvWXhEMoenp9KQbTkcU=","QsRXjnrxrlxviS3TL4Jx9vs6KdGgwZk5RTapU5wNdBg=","pelFI2HVPb42E41sZ1Xltlyw3rxO78kjCgsHtO8f1aQ=","UqVsV1A/5WbUAHg1CFkZ0TNTz5Nk/mQorRMN/3DDG28="],"block_size":4096,"path":"background.js"},{"block_hashes":["g96lnBho7a5C/UWusz8Bzc2SRTpmxJ4KEIIwPRJJ7x4="],"block_size":4096,"path":"common.css"},{"block_hashes":["7rotmk01ex7C+eEgHIdpeJVQGjQiNk7nHWs6DDMWtMA="],"block_size":4096,"path":"components/input_styles.css"},{"block_hashes":["8zpiydzGVlrDTyTMRKekAfgriZTVGOCdVyjr+CegQ9A=","ZVGTxS8h9Vdo2u1xJOpMirkoSgIuATuTgff9UKs7rno="],"block_size":4096,"path":"components/stream_icon.html"},{"block_hashes":["EMMoC6KWw/r8qxI2Pmfng/HlS+kHmN+YuvtlIwQMMZY=","ei37VDwOP49ZbpW1pB5FYbGSq/Cgi/FS1X/1TygHYAQ="],"block_size":4096,"path":"components/stream_icon.js"},{"block_hashes":["u8/A9Y2wE6n+0Y4qZ5LJgnK6LvFPs4eBLgN9V0DNqGM="],"block_size":4096,"path":"components/stream_list.html"},{"block_hashes":["VouFT4GCpvPf23tx2tAKLLnYYE9vElO3vefLhwLILwU=","ZngxkoNvNMTvtPuBB6TxLa18696h0vwacoPay9Ohq+s="],"block_size":4096,"path":"components/stream_list.js"},{"block_hashes":["5GQFMoWHBczhvSdqvoCx2N5zR2qlE/xiviQ6SGQAVxg="],"block_size":4096,"path":"dummy_steamer_data.js"},{"block_hashes":["lZqBBSn89HjUDQL8QY5iI+OL3roN6ujoO1UCjUe772s="],"block_size":4096,"path":"icons/twitch.png"},{"block_hashes":["2MPIgZtpNwClz2VBzvRoYybkMkiTJZewBGcfl50EHMs=","UQM8Y5DBX9dznhC1GIhIEsTAsPd8xjDmYdwXOHXaL/k=","o2G4pPHqOmR2oS+VRK1wKBgRJtluHOzd4GjJVbT4RWc="],"block_size":4096,"path":"sidebar.css"},{"block_hashes":["30qImzUE9qdbg2QeOyAS88Z2e8i82vsW5aCr+dYOiZU=","YUqiiXwl8NPBIiO7THBK2Y/JZPx4pZ7N/I3h0HlvX9k="],"block_size":4096,"path":"sidebar.html"},{"block_hashes":["IVjA7WpvlhZ1Em9DK0mySoD2bTTwAMSvK0rwOZPJz/g=","EqIw2gtD0qInpMfNoFhA6UQm+xLgK6cZOm1I22dbG7I=","/Hi++9agmW97BZNrMpC6MkBMfugz6bNq57cB1m/cJhc="],"block_size":4096,"path":"sidebar.js"},{"block_hashes":["aFL2fcVUxuEdR+PqJB1y69OhIFi/mNUrV1coCP1QHbM="],"block_size":4096,"path":"template.js"},{"block_hashes":["TOs/89P09t8vD+LOJp+IFBxJTpHgmJ44968U62SWFqQ=","YPSovlUqZVx4JeoPyxfOuds7BSLkze2hgKFw0uCfTCo="],"block_size":4096,"path":"utils/colors.js"},{"block_hashes":["gmuBCmAoIGRurxIT8lBJAnClzkpFtwns+l1K5tTFLvg="],"block_size":4096,"path":"utils/preferences.js"},{"block_hashes":["yGIYTvUaEkF5M5TC8cydIfLhKLRv7leTvzP/YIA4tSM="],"block_size":4096,"path":"utils/sounds.js"},{"block_hashes":["7V80zs8wnB9sEzYmxh9bgIUdo8ZNaBTMiuGlX2Z3z+E="],"block_size":4096,"path":"utils/stats.js"},{"block_hashes":["G3lBIgIo4SAZx40mIyM1XHrLO5RvuLbyFX6dVho/hZg=","1C/JLWDL1dqF0kGdBHaGjdBKu718Z6NocxpFiy/kc1w="],"block_size":4096,"path":"utils/twitch_api.js"},{"block_hashes":["YCBS355EsL2Z3HiBAvMDyAs7Z+gMI1QsbOwmHyUEQDw="],"block_size":4096,"path":"utils/utils.js"},{"block_hashes":["PabbNspO2rguxalAmjDCjcrcarN18Zfrj0NxP7toDZI="],"block_size":4096,"path":"utils/volume.js"}],"version":2}