{"file_hashes":[{"block_hashes":["1l2AYCcSEo6YQSEBaVs9s6Fun3DeSSWwlFGJKws9auE="],"block_size":4096,"path":"_locales/be/messages.json"},{"block_hashes":["/tyxfrWYur2hGsEHjQfOcbmjNCBmXea6SaOUxhDpvlM="],"block_size":4096,"path":"_locales/es_US/messages.json"},{"block_hashes":["GUlBgZ0NCNE8Jh8vwRd17yJKDD2k2ReVAoxYzBtZScw="],"block_size":4096,"path":"_locales/ka/messages.json"},{"block_hashes":["s/d3foAIA8G9V2r32BJEm/h3gPy5+tfHyH/uJoyOk+0="],"block_size":4096,"path":"_locales/nn/messages.json"},{"block_hashes":["xbQFS4KRSdLpw7g38sa9nnWp/sr3XHbf0gQtKY6WD78="],"block_size":4096,"path":"_locales/no/messages.json"},{"block_hashes":["FQoEhcpKghIg8dcr/0Uc/4Kt/D4VHIkODmzYy2v/I8I="],"block_size":4096,"path":"_locales/zh_MY/messages.json"},{"block_hashes":["FQoEhcpKghIg8dcr/0Uc/4Kt/D4VHIkODmzYy2v/I8I="],"block_size":4096,"path":"_locales/zh_SG/messages.json"},{"block_hashes":["UaXynwL6OQGcASTpkFgBUI+bOUwcM6DpGst6CQFp8dM="],"block_size":4096,"path":"background.html"},{"block_hashes":["lQvnf+ttpGcIhERw1VGMWbq9HS1cO6+qm2SDb86gZ3U=","3YgPtk1keC+6L1vtatFdFv1ZxikR9FcTnUW4dq8bEnY=","E1U61SLiGbVAnMcBo9U8yfnR+F1/Yvu6DUNtjPt6z+g="],"block_size":4096,"path":"images/icon-256.png"},{"block_hashes":["NjHHin+R9AuY/EZExQuGauEf8XVgkquu01lwlzGRjxI="],"block_size":4096,"path":"lib/cj-landing.js"},{"block_hashes":["WKw7IB2V3SIGuaUpPDITlFNQIxUDO1f0s3czDVQYGpk=","e6525IDpjuuNTTVZMpg7Hqq0gF/vfm/KKQpj8jDteYQ=","XRBYYw+uXT3BRM609MU8bjYUGiahGB2ZWHFtvYuPeOQ=","9iXQJv2vWJVoozqwH84oH3/WijcqgXBzNBke0ThI00w=","ezQ5etPPMUgY1/i01cmn9xrhaJgXMp7hYobjxUMLCwM=","7n3DDBZY57ypj2qFjGZu7cCBjVnMx+b2RDFSC8vKcdw=","A+JOqeGaaTsLmNvYWiWmhNxXCS+xFBlh40FdgUbc+co=","KvBeYRD81SuBVy5pildC5D/kAh3CP4HM/fG/be1P3wo=","28SxaUgiOBfw7iELUyXsf7xe0DVYEtcZ+cyWDYJjDVU=","6mFqr7ke5UzZn2t7SuEwc6v6dZwweYb9g1iuZMqLzSE=","j3hoC/T8Q8dJ3ceySOARPN2qj0RhVbIm0/vN8tML63A=","Spk7ZW2/fSJNfev/qtneVRuROfTdrcl5eXtwVB0EZuQ=","LpS3/WE/QFDstAMHs8vlSbZM+V1tGoMPQZ9GCQDhL0w=","IY48EHl6KVck9Fdua2eaAHDRCxrjmKgf1B52B/XfTfE=","DR91CzEsgzQeO3rw+B49738UJdeSIZGwaGY4FKW/1TI=","GJkcBU8nNOIeavdHIUOPvJ6cDWrJObepJD9ASH8eBRk=","AtmGCNdnxpm5WVgunRIrBRJVIO1F2vSCt0HsdWwyiRo=","grcKoFbWhKQUtUCMwbFnJFz97HMyQ357olEb5vcen6Y=","hpydXWwMzu3paBzS/gZYxgsGgOr5l0Jund+t95NBTus=","SElWGOQZWrkwI61yrobeCYeVuHbBloVlwRee+2UgYUw=","LC5V78jxV1zcCa+tOKEstE/j4fB9NfeEfmHJeA8y180=","WOwyQQTS0ncgTfXueFfIRlac81xzpTnM/YIdYVU8M+Q=","zB6ngWWzyoWr/Hi6id46EvxW02VJkPS25vSrz5HrVVk="],"block_size":4096,"path":"lib/vue.min.js"},{"block_hashes":["IWd+R5L6Fq5Olz6wsLPVALxBnTNFl71E3JctRUSsoqI="],"block_size":4096,"path":"options.html"},{"block_hashes":["L1vM/vqbg8qD9J/RMFSs4v6eC9yPMTpSywNo/XY+dlQ="],"block_size":4096,"path":"scripts/background.js"},{"block_hashes":["z32iZemYZl0aky/rkHHHVBy+95/shr6iSPLdQPWG29w="],"block_size":4096,"path":"scripts/options.js"},{"block_hashes":["pLk34vyMLFvn3WmNDaH/prPykFYeHIvPETS9q8mlb9U="],"block_size":4096,"path":"scripts/yt-auto-hd-content-script-functions.js"},{"block_hashes":["/ZujpOqjZWN3UF03TnovJaLTya9f6JmqykwmhJAyGc8="],"block_size":4096,"path":"scripts/yt-auto-hd-content-script-initialize.js"},{"block_hashes":["2MHvBVKCVD5i5cBUBpYFr1D4DxU5dT9kI0oa8WcHCew="],"block_size":4096,"path":"scripts/yt-auto-hd-setup.js"},{"block_hashes":["Jlh3elcjaeHP0tKzN5CKxwGcqVzjzXHbdhUZncvM5io="],"block_size":4096,"path":"scripts/yt-auto-hd-utilities.js"},{"block_hashes":["fYodKrrUGCZRW81TclTZidIIzpYqxchb309R6U+21wo="],"block_size":4096,"path":"styles/options.css"},{"block_hashes":["Uu7sss2KE3W5hbRQf5v4Cj18atsqJObNJQOFhF7wbYs="],"block_size":4096,"path":"styles/toggle-switch.css"}],"version":2}