{"suggestions":[{"categories":[],"forbidden_dna":[],"history_patterns":[],"keywords":[],"partner_id":"gx_gog_suggestions","ping_url":"https://speeddials.opera.com/api/v2/ping/gx_gog_suggestions","premium":false,"real_url":"https://www.gog.com/","required_dna":[],"source":"","targeted":false,"thumbnail_url":"https://sd-images.operacdn.com/api/v1/images/c2b5c693a6e14874a20bc9e896fcaa760aa4d7eb.png","type":0,"url":"https://www.gog.com/"},{"categories":[],"forbidden_dna":[],"history_patterns":[],"keywords":[],"partner_id":"gx_epicgames_store_suggestions","ping_url":"https://speeddials.opera.com/api/v2/ping/gx_epicgames_store_suggestions","premium":false,"real_url":"https://www.epicgames.com/store/","required_dna":[],"source":"","targeted":false,"thumbnail_url":"https://sd-images.operacdn.com/api/v1/images/b5e3e2d342709ba56c9118ad9034513aff1062e7.png","type":0,"url":"https://www.epicgames.com/store/"},{"categories":[],"forbidden_dna":[],"history_patterns":[],"keywords":[],"partner_id":"gx_steam_suggestions","ping_url":"https://speeddials.opera.com/api/v2/ping/gx_steam_suggestions","premium":false,"real_url":"https://store.steampowered.com/","required_dna":[],"source":"","targeted":false,"thumbnail_url":"https://sd-images.operacdn.com/api/v1/images/081b5406937dae26ab88d58d3e22d23f00962165.png","type":0,"url":"https://store.steampowered.com/"},{"categories":[],"forbidden_dna":[],"history_patterns":[],"keywords":[],"partner_id":"gx_humblebundle_suggestions","ping_url":"https://speeddials.opera.com/api/v2/ping/gx_humblebundle_suggestions","premium":false,"real_url":"https://www.humblebundle.com/","required_dna":[],"source":"","targeted":false,"thumbnail_url":"https://sd-images.operacdn.com/api/v1/images/d71b6b631f5a79e9b6fbe0e25a31a558ee371e21.png","type":0,"url":"https://www.humblebundle.com/"},{"categories":[],"forbidden_dna":[],"history_patterns":[],"keywords":[],"partner_id":"gx_netflix_suggestions","ping_url":"https://speeddials.opera.com/api/v2/ping/gx_netflix_suggestions","premium":false,"real_url":"https://www.netflix.com/","required_dna":[],"source":"","targeted":false,"thumbnail_url":"https://sd-images.operacdn.com/api/v1/images/64ebaf6125e5e10de5f09a4d8eb7f835de05d759.png","type":0,"url":"https://www.netflix.com/"},{"categories":[],"forbidden_dna":[],"history_patterns":[],"keywords":[],"partner_id":"gx_cdaction_suggestions","ping_url":"https://speeddials.opera.com/api/v2/ping/gx_cdaction_suggestions","premium":false,"real_url":"https://www.cdaction.pl/","required_dna":[],"source":"","targeted":false,"thumbnail_url":"https://sd-images.operacdn.com/api/v1/images/19077d509e4a32b17a14f1c8394a672fb41b9dfe.png","type":0,"url":"https://www.cdaction.pl/"},{"categories":[],"forbidden_dna":[],"history_patterns":[],"keywords":[],"partner_id":"gx_igdb_suggestions","ping_url":"https://speeddials.opera.com/api/v2/ping/gx_igdb_suggestions","premium":false,"real_url":"https://www.igdb.com/","required_dna":[],"source":"","targeted":false,"thumbnail_url":"https://sd-images.operacdn.com/api/v1/images/013c9480c8cc2825f44e0ed05445eb0fbdcb370a.png","type":0,"url":"https://www.igdb.com/"},{"categories":[],"forbidden_dna":[],"history_patterns":[],"keywords":[],"partner_id":"gx_fanatical_suggestions","ping_url":"https://speeddials.opera.com/api/v2/ping/gx_fanatical_suggestions","premium":false,"real_url":"https://www.fanatical.com/","required_dna":[],"source":"","targeted":false,"thumbnail_url":"https://sd-images.operacdn.com/api/v1/images/4335dc32a6e411f84f57cd66d91181c53788d707.png","type":0,"url":"https://www.fanatical.com/"}],"thumbnails":[{"response_time":1606702136.95594,"url":"https://speeddials.opera.com/api/v1/thumbnails/add0n.com"},{"response_time":1606702136.961411,"url":"https://speeddials.opera.com/api/v1/thumbnails/apps.jeurissen.co"},{"response_time":1606702136.981066,"url":"https://speeddials.opera.com/api/v1/thumbnails/support-leagueoflegends.riotgames.com"},{"response_time":1606702137.118323,"url":"https://speeddials.opera.com/api/v1/thumbnails/www.pcgamebenchmark.com"}]}